"Area","Date","Daily-Confirmed","Daily-Deceased","Daily-Recovered","Daily-Tested","Daily-Vaccinated1","Daily-Vaccinated2","7DMA-Confirmed","7DMA-Deceased","Total-Confirmed","Total-Deceased","Total-Recovered","Total-Tested","Total-Others","Total-Vaccinated1","Total-Vaccinated2"
"INDIA","2020-01-30","1","0","0","0","0","0","1","0","1","0","0","0","0","0","0"
"INDIA","2020-02-02","1","0","0","0","0","0","2","0","2","0","0","0","0","0","0"
"INDIA","2020-02-03","1","0","0","0","0","0","3","0","3","0","0","0","0","0","0"
"INDIA","2020-02-14","0","0","3","0","0","0","0","0","3","0","3","0","0","0","0"
"INDIA","2020-03-02","2","0","0","0","0","0","2","0","5","0","3","0","0","0","0"
"INDIA","2020-03-03","1","0","0","0","0","0","3","0","6","0","3","0","0","0","0"
"INDIA","2020-03-04","22","0","0","0","0","0","25","0","28","0","3","0","0","0","0"
"INDIA","2020-03-05","2","0","0","0","0","0","27","0","30","0","3","0","0","0","0"
"INDIA","2020-03-06","1","0","0","0","0","0","28","0","31","0","3","0","0","0","0"
"INDIA","2020-03-07","3","0","0","0","0","0","31","0","34","0","3","0","0","0","0"
"INDIA","2020-03-08","5","0","0","0","0","0","36","0","39","0","3","0","0","0","0"
"INDIA","2020-03-09","9","0","0","0","0","0","43","0","48","0","3","0","0","0","0"
"INDIA","2020-03-10","15","0","0","0","0","0","57","0","63","0","3","0","0","0","0"
"INDIA","2020-03-11","8","0","0","0","0","0","43","0","71","0","3","0","0","0","0"
"INDIA","2020-03-12","10","0","0","0","0","0","51","0","81","0","3","0","0","0","0"
"INDIA","2020-03-13","10","1","0","6500","0","0","60","1","91","1","3","6500","0","0","0"
"INDIA","2020-03-14","11","0","0","0","0","0","68","1","102","1","3","6500","3","0","0"
"INDIA","2020-03-15","10","0","0","0","0","0","73","1","112","1","3","6500","3","0","0"
"INDIA","2020-03-16","14","0","0","0","0","0","78","1","126","1","3","6500","3","0","0"
"INDIA","2020-03-17","20","0","0","0","0","0","83","1","146","1","3","6500","3","0","0"
"INDIA","2020-03-18","25","0","0","6625","0","0","100","1","171","1","3","13125","3","0","0"
"INDIA","2020-03-19","27","0","0","1050","0","0","117","1","198","1","3","14175","3","0","0"
"INDIA","2020-03-20","58","0","1","1229","0","0","165","0","256","1","4","15404","3","0","0"
"INDIA","2020-03-21","78","0","0","1507","0","0","232","0","334","1","4","16911","3","0","0"
"INDIA","2020-03-22","69","0","0","1216","0","0","291","0","403","1","4","18127","3","0","0"
"INDIA","2020-03-23","94","0","0","2580","0","0","371","0","497","1","4","20707","3","0","0"
"INDIA","2020-03-24","74","0","2","1987","0","0","425","0","571","1","6","22694","3","0","0"
"INDIA","2020-03-25","86","0","0","2450","0","0","486","0","657","1","6","25144","3","0","0"
"INDIA","2020-03-26","73","1","0","2544","0","0","532","1","730","2","6","27688","3","0","0"
"INDIA","2020-03-27","153","1","2","0","0","0","627","2","883","3","8","27688","3","0","0"
"INDIA","2020-03-28","136","0","0","0","0","0","685","2","1019","3","8","27688","3","0","0"
"INDIA","2020-03-29","120","25","91","0","0","0","736","27","1139","28","99","27688","3","0","0"
"INDIA","2020-03-30","187","13","42","10754","0","0","829","40","1326","41","141","38442","3","0","0"
"INDIA","2020-03-31","309","6","19","4346","0","0","1064","46","1635","47","160","42788","3","0","0"
"INDIA","2020-04-01","424","11","9","5163","0","0","1402","57","2059","58","169","47951","3","0","0"
"INDIA","2020-04-02","486","11","22","7900","0","0","1815","67","2545","69","191","55851","3","0","0"
"INDIA","2020-04-03","560","14","39","13394","0","0","2222","80","3105","83","230","69245","3","0","0"
"INDIA","2020-04-04","579","13","56","10705","0","0","2665","93","3684","96","286","79950","3","0","0"
"INDIA","2020-04-05","609","22","43","9584","0","0","3154","90","4293","118","329","89534","3","0","0"
"INDIA","2020-04-06","484","16","65","11534","0","0","3451","93","4777","134","394","101068","3","0","0"
"INDIA","2020-04-07","573","27","75","12947","0","0","3715","114","5350","161","469","114015","3","0","0"
"INDIA","2020-04-08","565","20","96","13904","0","0","3856","123","5915","181","565","127919","3","0","0"
"INDIA","2020-04-09","813","46","70","16991","0","0","4183","158","6728","227","635","144910","3","0","0"
"INDIA","2020-04-10","871","22","151","16420","0","0","4494","166","7599","249","786","161330","3","0","0"
"INDIA","2020-04-11","854","41","186","18044","0","0","4769","194","8453","290","972","179374","3","0","0"
"INDIA","2020-04-12","758","42","114","16374","0","0","4918","214","9211","332","1086","195748","3","0","0"
"INDIA","2020-04-13","1243","27","112","21806","0","0","5677","225","10454","359","1198","217554","3","0","0"
"INDIA","2020-04-14","1031","37","167","27339","0","0","6135","235","11485","396","1365","244893","3","0","0"
"INDIA","2020-04-15","886","27","144","29706","0","0","6456","242","12371","423","1509","274599","3","0","0"
"INDIA","2020-04-16","1061","26","258","28357","0","0","6704","222","13432","449","1767","302956","3","0","0"
"INDIA","2020-04-17","922","38","273","32167","0","0","6755","238","14354","487","2040","335123","3","0","0"
"INDIA","2020-04-18","1371","35","426","37000","0","0","7272","232","15725","522","2466","372123","3","0","0"
"INDIA","2020-04-19","1580","38","388","29463","0","0","8094","228","17305","560","2854","401586","3","0","0"
"INDIA","2020-04-20","1239","33","419","0","0","0","8090","234","18544","593","3273","401586","3","0","0"
"INDIA","2020-04-21","1537","53","703","61035","0","0","8596","250","20081","646","3976","462621","3","0","0"
"INDIA","2020-04-22","1292","36","394","37921","0","0","9002","259","21373","682","4370","500542","3","0","0"
"INDIA","2020-04-23","1667","40","642","41247","0","0","9608","273","23040","722","5012","541789","3","0","0"
"INDIA","2020-04-24","1408","59","484","38168","0","0","10094","294","24448","781","5496","579957","3","0","0"
"INDIA","2020-04-25","1835","44","442","45352","0","0","10558","303","26283","825","5938","625309","3","0","0"
"INDIA","2020-04-26","1607","56","585","40510","0","0","10585","321","27890","881","6523","665819","3","0","0"
"INDIA","2020-04-27","1568","58","580","50914","0","0","10914","346","29458","939","7103","716733","4","0","0"
"INDIA","2020-04-28","1902","69","636","54031","0","0","11279","362","31360","1008","7739","770764","4","0","0"
"INDIA","2020-04-29","1705","71","690","59437","0","0","11692","397","33065","1079","8429","830201","4","0","0"
"INDIA","2020-04-30","1802","75","630","72453","0","0","11827","432","34867","1154","9059","902654","4","0","0"
"INDIA","2020-05-01","2396","77","962","73709","0","0","12815","450","37263","1231","10021","976363","4","0","0"
"INDIA","2020-05-02","2564","92","831","70087","0","0","13544","498","39827","1323","10852","1046450","4","0","0"
"INDIA","2020-05-03","2952","140","911","60783","0","0","14889","582","42779","1463","11763","1107233","4","0","0"
"INDIA","2020-05-04","3656","103","1082","84713","0","0","16977","627","46435","1566","12845","1191946","4","0","0"
"INDIA","2020-05-05","2971","128","1295","84835","0","0","18046","686","49406","1694","14140","1276781","4","0","0"
"INDIA","2020-05-06","3602","91","1161","80632","0","0","19943","706","53008","1785","15301","1357413","4","0","0"
"INDIA","2020-05-07","3344","104","1475","80375","0","0","21485","735","56352","1889","16776","1437788","4","0","0"
"INDIA","2020-05-08","3339","97","1111","85425","0","0","22428","755","59691","1986","17887","1523213","4","0","0"
"INDIA","2020-05-09","3175","116","1414","85824","0","0","23039","779","62866","2102","19301","1609037","4","0","0"
"INDIA","2020-05-10","4311","112","1669","64651","0","0","24398","751","67177","2214","20970","1673688","4","0","0"
"INDIA","2020-05-11","3592","81","1579","85891","0","0","24334","729","70769","2295","22549","1759579","4","0","0"
"INDIA","2020-05-12","3562","120","1905","94671","0","0","24925","721","74331","2415","24454","1854250","4","0","0"
"INDIA","2020-05-13","3726","137","1963","92791","0","0","25049","767","78057","2552","26417","1947041","4","0","0"
"INDIA","2020-05-14","3991","97","1594","92911","0","0","25696","760","82048","2649","28011","2039952","4","0","0"
"INDIA","2020-05-15","3808","104","2234","94325","0","0","26165","767","85856","2753","30245","2134277","4","0","0"
"INDIA","2020-05-16","4794","120","4012","93365","0","0","27784","771","90650","2873","34257","2227642","4","0","0"
"INDIA","2020-05-17","5049","152","2538","75150","0","0","28522","811","95699","3025","36795","2302792","4","0","0"
"INDIA","2020-05-18","4628","131","2482","101475","0","0","29558","861","100327","3156","39277","2404267","4","0","0"
"INDIA","2020-05-19","6154","146","3032","108121","0","0","32150","887","106481","3302","42309","2512388","4","0","0"
"INDIA","2020-05-20","5720","134","3113","103532","0","0","34144","884","112201","3436","45422","2615920","7","0","0"
"INDIA","2020-05-21","6023","148","3131","103514","0","0","36176","935","118224","3584","48553","2719434","7","0","0"
"INDIA","2020-05-22","6536","142","3280","115364","0","0","38904","973","124760","3726","51833","2834798","7","0","0"
"INDIA","2020-05-23","6665","142","2576","108623","0","0","40775","995","131425","3868","54409","2943421","8","0","0"
"INDIA","2020-05-24","7111","156","3285","90170","0","0","42837","999","138536","4024","57694","3033591","9","0","0"
"INDIA","2020-05-25","6414","149","3012","92528","0","0","44623","1017","144950","4173","60706","3126119","12","0","0"
"INDIA","2020-05-26","5907","173","3585","116041","0","0","44376","1044","150857","4346","64291","3242160","12","0","0"
"INDIA","2020-05-27","7246","188","3434","119976","0","0","45902","1098","158103","4534","67725","3362136","12","0","0"
"INDIA","2020-05-28","7254","176","3171","121702","0","0","47133","1126","165357","4710","70896","3483838","12","0","0"
"INDIA","2020-05-29","8138","268","11735","127761","0","0","48735","1252","173495","4978","82631","3611599","13","0","0"
"INDIA","2020-05-30","8364","205","4303","125428","0","0","50434","1315","181859","5183","86934","3737027","13","0","0"
"INDIA","2020-05-31","8789","222","4928","100180","0","0","52112","1381","190648","5405","91862","3837207","13","0","0"
"INDIA","2020-06-01","7724","201","3882","128868","0","0","53422","1433","198372","5606","95744","3966075","13","0","0"
"INDIA","2020-06-02","8812","222","4531","137158","0","0","56327","1482","207184","5828","100275","4103233","13","0","0"
"INDIA","2020-06-03","9688","259","3789","139485","0","0","58769","1553","216872","6087","104064","4242718","16","0","0"
"INDIA","2020-06-04","9847","274","4390","143661","0","0","61362","1651","226719","6361","108454","4386379","17","0","0"
"INDIA","2020-06-05","9472","286","4771","137938","0","0","62696","1669","236191","6647","113225","4524317","16","0","0"
"INDIA","2020-06-06","10408","297","5433","142069","0","0","64740","1761","246599","6944","118658","4666386","18","0","0"
"INDIA","2020-06-07","10882","261","5191","108048","0","0","66833","1800","257481","7205","123849","4774434","18","0","0"
"INDIA","2020-06-08","8536","271","5171","141682","0","0","67645","1870","266017","7476","129020","4916116","20","0","0"
"INDIA","2020-06-09","9981","272","5634","145216","0","0","68814","1920","275998","7748","134654","5061332","20","0","0"
"INDIA","2020-06-10","11156","358","6275","151808","0","0","70282","2019","287154","8106","140929","5213140","20","0","0"
"INDIA","2020-06-11","11135","394","6044","150305","0","0","71570","2139","298289","8500","146973","5363445","27","0","0"
"INDIA","2020-06-12","11306","388","7263","143737","0","0","73404","2241","309595","8888","154236","5507182","27","0","0"
"INDIA","2020-06-13","12039","309","8091","151432","0","0","75035","2253","321634","9197","162327","5658614","41","0","0"
"INDIA","2020-06-14","11404","324","7358","115519","0","0","75557","2316","333038","9521","169685","5774133","43","0","0"
"INDIA","2020-06-15","10032","396","10640","146936","0","0","77053","2441","343070","9917","180325","5921069","45","0","0"
"INDIA","2020-06-16","11085","2004","7226","163187","0","0","78157","4173","354155","11921","187551","6084256","46","0","0"
"INDIA","2020-06-17","13108","341","6890","165412","0","0","80109","4156","367263","12262","194441","6249668","46","0","0"
"INDIA","2020-06-18","13829","343","10741","176959","0","0","82803","4105","381092","12605","205182","6426627","47","0","0"
"INDIA","2020-06-19","14740","364","9029","189869","0","0","86237","4081","395832","12969","214211","6616496","51","0","0"
"INDIA","2020-06-20","15918","308","13974","190730","0","0","90116","4080","411750","13277","228185","6807226","52","0","0"
"INDIA","2020-06-21","15151","426","9075","143267","0","0","93863","4182","426901","13703","237260","6950493","52","0","0"
"INDIA","2020-06-22","13560","312","10879","187223","0","0","97391","4098","440461","14015","248139","7137716","52","0","0"
"INDIA","2020-06-23","15656","468","10462","215195","0","0","101962","2562","456117","14483","258601","7352911","56","0","0"
"INDIA","2020-06-24","16868","424","13089","207871","0","0","105722","2645","472985","14907","271690","7560782","56","0","0"
"INDIA","2020-06-25","18205","401","13983","215446","0","0","110098","2703","491190","15308","285673","7776228","56","0","0"
"INDIA","2020-06-26","18255","381","10246","220479","0","0","113613","2720","509445","15689","295919","7996707","57","0","0"
"INDIA","2020-06-27","20142","414","14229","231095","0","0","117837","2826","529587","16103","310148","8227802","57","0","0"
"INDIA","2020-06-28","19610","384","11631","170560","0","0","122296","2784","549197","16487","321779","8398362","57","0","0"
"INDIA","2020-06-29","18339","417","13497","210292","0","0","127075","2889","567536","16904","335276","8608654","61","0","0"
"INDIA","2020-06-30","18255","506","12565","217931","0","0","129674","2927","585791","17410","347841","8826585","67","0","0"
"INDIA","2020-07-01","19430","438","12064","229588","0","0","132236","2941","605221","17848","359905","9056173","67","0","0"
"INDIA","2020-07-02","21947","378","19999","241576","0","0","135978","2918","627168","18226","379904","9297749","67","0","0"
"INDIA","2020-07-03","22718","444","14417","242383","0","0","140441","2981","649886","18670","394321","9540132","67","0","0"
"INDIA","2020-07-04","24018","611","14746","248934","0","0","144317","3178","673904","19281","409067","9789066","67","0","0"
"INDIA","2020-07-05","23942","421","15829","180596","0","0","148649","3215","697846","19702","424896","9969662","84","0","0"
"INDIA","2020-07-06","22500","473","15315","241430","0","0","152810","3271","720346","20175","440211","10211092","97","0","0"
"INDIA","2020-07-07","23148","479","16838","262679","0","0","157703","3244","743494","20654","457049","10473771","99","0","0"
"INDIA","2020-07-08","25561","492","19508","267061","0","0","163834","3298","769055","21146","476557","10740832","100","0","0"
"INDIA","2020-07-09","25790","479","19408","283659","0","0","167677","3399","794845","21625","495965","11024491","101","0","0"
"INDIA","2020-07-10","27749","520","20289","282511","0","0","172708","3475","822594","22145","516254","11307002","365","0","0"
"INDIA","2020-07-11","27754","541","19981","280151","0","0","176444","3405","850348","22686","536235","11587153","371","0","0"
"INDIA","2020-07-12","29106","497","18198","219103","0","0","181608","3481","879454","23183","554433","11806256","371","0","0"
"INDIA","2020-07-13","28178","541","17683","286247","0","0","187286","3549","907632","23724","572116","12092503","373","0","0"
"INDIA","2020-07-14","29917","582","20976","320161","0","0","194055","3652","937549","24306","593092","12412664","380","0","0"
"INDIA","2020-07-15","32607","614","20646","326826","0","0","201101","3774","970156","24920","613738","12739490","380","0","0"
"INDIA","2020-07-16","35468","680","22867","333228","0","0","210779","3975","1005624","25600","636605","13072718","381","0","0"
"INDIA","2020-07-17","34824","676","17486","361024","0","0","217854","4131","1040448","26276","654091","13433742","384","0","0"
"INDIA","2020-07-18","37411","543","23582","358127","0","0","227511","4133","1077859","26819","677673","13791869","390","0","0"
"INDIA","2020-07-19","40235","675","22730","256039","0","0","238640","4311","1118094","27494","700403","14047908","393","0","0"
"INDIA","2020-07-20","36806","596","24303","333395","0","0","247268","4366","1154900","28090","724706","14381303","395","0","0"
"INDIA","2020-07-21","39170","671","27589","343243","0","0","256521","4455","1194070","28761","752295","14724546","396","0","0"
"INDIA","2020-07-22","45601","1130","31875","350823","0","0","269515","4971","1239671","29891","784170","15075369","403","0","0"
"INDIA","2020-07-23","48443","755","33326","352801","0","0","282490","5046","1288114","30646","817496","15428170","404","0","0"
"INDIA","2020-07-24","48888","763","32514","420898","0","0","296554","5133","1337002","31409","850010","15849068","406","0","0"
"INDIA","2020-07-25","50072","703","37125","442263","0","0","309215","5293","1387074","32112","887135","16291331","406","0","0"
"INDIA","2020-07-26","48932","704","31512","515472","0","0","317912","5322","1436006","32816","918647","16806803","407","0","0"
"INDIA","2020-07-27","46484","642","34354","528082","0","0","327590","5368","1482490","33458","953001","17334885","409","0","0"
"INDIA","2020-07-28","49631","774","35683","408855","0","0","338051","5471","1532121","34232","988684","17743740","410","0","0"
"INDIA","2020-07-29","52479","775","32886","446642","0","0","344929","5116","1584600","35007","1021570","18190382","411","0","0"
"INDIA","2020-07-30","54968","784","37425","642588","0","0","351454","5145","1639568","35791","1058995","18832970","418","0","0"
"INDIA","2020-07-31","57486","765","36554","525689","0","0","360052","5147","1697054","36556","1095549","19358659","421","0","0"
"INDIA","2020-08-01","55117","854","51368","463172","0","0","365097","5298","1752171","37410","1146917","19821831","427","0","0"
"INDIA","2020-08-02","52672","760","40355","381027","0","0","368837","5354","1804843","38170","1187272","20202858","429","0","0"
"INDIA","2020-08-03","50491","806","43070","661892","0","0","372844","5518","1855334","38976","1230342","20864750","433","0","0"
"INDIA","2020-08-04","51282","849","51220","619652","0","0","374495","5593","1906616","39825","1281562","21484402","445","0","0"
"INDIA","2020-08-05","56626","919","45583","664949","0","0","378642","5737","1963242","40744","1327145","22149351","446","0","0"
"INDIA","2020-08-06","62170","899","50141","639042","0","0","385844","5852","2025412","41643","1377286","22788393","450","0","0"
"INDIA","2020-08-07","61455","936","50387","598778","0","0","389813","6023","2086867","42579","1427673","23387171","452","0","0"
"INDIA","2020-08-08","65156","875","52135","719364","0","0","399852","6044","2152023","43454","1479808","24106535","457","0","0"
"INDIA","2020-08-09","62117","1013","54474","477023","0","0","409297","6297","2214140","44467","1534282","24583558","460","0","0"
"INDIA","2020-08-10","53016","887","47362","698290","0","0","411822","6378","2267156","45354","1581644","25281848","463","0","0"
"INDIA","2020-08-11","61252","835","56461","733449","0","0","421792","6364","2328408","46189","1638105","26015297","469","0","0"
"INDIA","2020-08-12","67066","950","57759","830391","0","0","432232","6395","2395474","47139","1695864","26845688","472","0","0"
"INDIA","2020-08-13","64141","1006","54776","848728","0","0","434203","6502","2459615","48145","1750640","27694416","484","0","0"
"INDIA","2020-08-14","65610","989","56920","868679","0","0","438358","6555","2525225","49134","1807560","28563095","488","0","0"
"INDIA","2020-08-15","63986","952","53116","746608","0","0","437188","6632","2589211","50086","1860676","29309703","492","0","0"
"INDIA","2020-08-16","58096","952","57404","731697","0","0","433167","6571","2647307","51038","1918080","30041400","510","0","0"
"INDIA","2020-08-17","54298","880","58172","899864","0","0","434449","6564","2701605","51918","1976252","30941264","512","0","0"
"INDIA","2020-08-18","65024","1099","60455","801518","0","0","438221","6828","2766629","53017","2036707","31742782","522","0","0"
"INDIA","2020-08-19","69196","979","59365","918470","0","0","440351","6857","2835825","53996","2096072","32661252","527","0","0"
"INDIA","2020-08-20","68518","981","61873","805985","0","0","444728","6832","2904343","54977","2157945","33467237","527","0","0"
"INDIA","2020-08-21","69029","953","62858","1023836","0","0","448147","6796","2973372","55930","2220803","34491073","541","0","0"
"INDIA","2020-08-22","70067","918","59101","801147","0","0","454228","6762","3043439","56848","2279904","35292220","549","0","0"
"INDIA","2020-08-23","61749","846","56896","609917","0","0","457881","6656","3105188","57694","2336800","35902137","551","0","0"
"INDIA","2020-08-24","59696","854","66305","925383","0","0","463279","6630","3164884","58548","2403105","36827520","562","0","0"
"INDIA","2020-08-25","66873","1066","64151","823992","0","0","465128","6597","3231757","59614","2467256","37651512","565","0","0"
"INDIA","2020-08-26","75995","1017","56191","924998","0","0","471927","6635","3307752","60631","2523447","38576510","570","0","0"
"INDIA","2020-08-27","76827","1066","59620","901338","0","0","480236","6720","3384579","61697","2583067","39477848","567","0","0"
"INDIA","2020-08-28","76657","1019","64475","928761","0","0","487864","6786","3461236","62716","2647542","40406609","578","0","0"
"INDIA","2020-08-29","78479","943","64982","1055027","0","0","496276","6811","3539715","63659","2712524","41461636","584","0","0"
"INDIA","2020-08-30","79461","960","60422","846278","0","0","513988","6925","3619176","64619","2772946","42307914","582","0","0"
"INDIA","2020-08-31","68766","816","64435","1016920","0","0","523058","6887","3687942","65435","2837381","43324834","585","0","0"
"INDIA","2020-09-01","78168","1027","62147","1012367","0","0","534353","6848","3766110","66462","2899528","44337201","588","0","0"
"INDIA","2020-09-02","82865","1026","67876","1172179","0","0","541223","6857","3848975","67488","2967404","45509380","593","0","0"
"INDIA","2020-09-03","84159","1083","67510","1169765","0","0","548555","6874","3933134","68571","3034914","46679145","600","0","0"
"INDIA","2020-09-04","87107","1066","69604","1059346","0","0","559005","6921","4020241","69637","3104518","47738491","611","0","0"
"INDIA","2020-09-05","90606","1044","73165","1092654","0","0","571132","7022","4110847","70681","3177683","48831145","616","0","0"
"INDIA","2020-09-06","91725","1005","69630","720362","0","0","583396","7067","4202572","71686","3247313","49551507","619","0","0"
"INDIA","2020-09-07","75015","1129","74116","1098621","0","0","589645","7380","4277587","72815","3321429","50650128","592","0","0"
"INDIA","2020-09-08","89855","1107","74608","1154549","0","0","601332","7460","4367442","73922","3396037","51804677","597","0","0"
"INDIA","2020-09-09","95536","1168","73062","1129756","0","0","614003","7602","4462978","75090","3469099","52934433","597","0","0"
"INDIA","2020-09-10","96762","1213","70904","1163542","0","0","626606","7732","4559740","76303","3540003","54097975","632","0","0"
"INDIA","2020-09-11","97655","1202","81456","1091251","0","0","637154","7868","4657395","77505","3621459","55189226","637","0","0"
"INDIA","2020-09-12","94414","1111","77862","1071702","0","0","640962","7935","4751809","78616","3699321","56260928","657","0","0"
"INDIA","2020-09-13","93220","1140","77748","978500","0","0","642457","8070","4845029","79756","3777069","57239428","667","0","0"
"INDIA","2020-09-14","81909","1054","79208","1072845","0","0","649351","7995","4926938","80810","3856277","58312273","684","0","0"
"INDIA","2020-09-15","91097","1281","82854","1116842","0","0","650593","8169","5018035","82091","3939131","59429115","709","0","0"
"INDIA","2020-09-16","97860","1140","82924","1136613","0","0","652917","8141","5115895","83231","4022055","60565728","724","0","0"
"INDIA","2020-09-17","96787","1175","87788","1006615","0","0","652942","8103","5212682","84406","4109843","61572343","728","0","0"
"INDIA","2020-09-18","92973","1221","95515","881911","0","0","648260","8122","5305655","85627","4205358","62454254","737","0","0"
"INDIA","2020-09-19","92574","1149","94389","1206806","0","0","646420","8160","5398229","86776","4299747","63661060","750","0","0"
"INDIA","2020-09-20","87395","1135","92926","731534","0","0","640595","8155","5485624","87911","4392673","64392594","774","0","0"
"INDIA","2020-09-21","74493","1056","102075","933185","0","0","633179","8157","5560117","88967","4494748","65325779","789","0","0"
"INDIA","2020-09-22","83362","1085","89657","953683","0","0","625444","7961","5643479","90052","4584405","66279462","799","0","0"
"INDIA","2020-09-23","86703","1123","87459","1156569","0","0","614287","7944","5730182","91175","4671864","67436031","810","0","0"
"INDIA","2020-09-24","85921","1144","81142","1492409","0","0","603421","7913","5816103","92319","4753006","68928440","815","0","0"
"INDIA","2020-09-25","85717","1093","93331","1341535","0","0","596165","7785","5901820","93412","4846337","70269975","824","0","0"
"INDIA","2020-09-26","88759","1124","92365","987861","0","0","592350","7760","5990579","94536","4938702","71257836","839","0","0"
"INDIA","2020-09-27","82770","1040","74691","709394","0","0","587725","7665","6073349","95576","5013393","71967230","849","0","0"
"INDIA","2020-09-28","69669","775","85198","1142811","0","0","582901","7384","6143018","96351","5098591","73110041","854","0","0"
"INDIA","2020-09-29","80500","1178","86150","1086688","0","0","580039","7477","6223518","97529","5184741","74196729","874","0","0"
"INDIA","2020-09-30","86748","1179","85274","1423052","0","0","580084","7533","6310266","98708","5270015","75619781","900","0","0"
"INDIA","2020-10-01","81785","1099","78731","1097947","0","0","575948","7488","6392051","99807","5348746","76717728","909","0","0"
"INDIA","2020-10-02","79885","1068","76340","1132675","0","0","570116","7463","6471936","100875","5425086","77850403","914","0","0"
"INDIA","2020-10-03","75479","937","81655","1142131","0","0","556836","7276","6547415","101812","5506741","78992534","917","0","0"
"INDIA","2020-10-04","74770","903","76715","989860","0","0","548836","7139","6622185","102715","5583456","79982394","929","0","0"
"INDIA","2020-10-05","60130","886","75857","1089403","0","0","539297","7250","6682315","103601","5659313","81071797","935","0","0"
"INDIA","2020-10-06","71869","990","81945","1199857","0","0","530666","7062","6754184","104591","5741258","82271654","954","0","0"
"INDIA","2020-10-07","78809","963","83210","1194321","0","0","522727","6846","6832993","105554","5824468","83465975","1045","0","0"
"INDIA","2020-10-08","70798","967","78745","1168705","0","0","511740","6714","6903791","106521","5903213","84634680","1040","0","0"
"INDIA","2020-10-09","73305","929","82628","1164018","0","0","505160","6575","6977096","107450","5985841","85798698","1056","0","0"
"INDIA","2020-10-10","74418","921","89024","1078544","0","0","504099","6559","7051514","108371","6074865","86877242","1066","0","0"
"INDIA","2020-10-11","67789","813","71565","994851","0","0","497118","6469","7119303","109184","6146430","87872093","1078","0","0"
"INDIA","2020-10-12","54262","710","78365","1073014","0","0","491250","6293","7173565","109894","6224795","88945107","1095","0","0"
"INDIA","2020-10-13","63717","727","74079","1145015","0","0","483098","6030","7237282","110621","6298874","90090122","1109","0","0"
"INDIA","2020-10-14","67811","690","81582","1136183","0","0","472100","5757","7305093","111311","6380456","91226305","1134","0","0"
"INDIA","2020-10-15","63441","882","70792","1028622","0","0","464743","5672","7368534","112193","6451248","92254927","1181","0","0"
"INDIA","2020-10-16","62304","840","70568","999090","0","0","453742","5583","7430838","113033","6521816","93254017","1195","0","0"
"INDIA","2020-10-17","61893","1032","72583","970173","0","0","441217","5694","7492731","114065","6594399","94224190","1202","0","0"
"INDIA","2020-10-18","56519","582","66418","859786","0","0","429947","5463","7549250","114647","6660817","95083976","1229","0","0"
"INDIA","2020-10-19","45506","589","69800","1032795","0","0","421191","5342","7594756","115236","6730617","96116771","1262","0","0"
"INDIA","2020-10-20","54348","714","61828","1083608","0","0","411822","5329","7649104","115950","6792445","97200379","1282","0","0"
"INDIA","2020-10-21","56264","701","79561","1469984","0","0","400275","5340","7705368","116651","6872006","98670363","1287","0","0"
"INDIA","2020-10-22","54371","686","74569","1442722","0","0","391205","5144","7759739","117337","6946575","100113085","1301","0","0"
"INDIA","2020-10-23","53931","655","66994","1269479","0","0","382832","4959","7813670","117992","7013569","101382564","1306","0","0"
"INDIA","2020-10-24","50366","578","62270","1140905","0","0","371305","4505","7864036","118570","7075839","102523469","1332","0","0"
"INDIA","2020-10-25","45922","483","59304","939309","0","0","360708","4406","7909958","119053","7135143","103462778","1355","0","0"
"INDIA","2020-10-26","36104","491","63873","958116","0","0","351306","4308","7946062","119544","7199016","104420894","1366","0","0"
"INDIA","2020-10-27","43036","511","58429","1066786","0","0","339994","4105","7989098","120055","7257445","105487680","1362","0","0"
"INDIA","2020-10-28","50188","515","56594","1075760","0","0","333918","3919","8039286","120570","7314039","106563440","1393","0","0"
"INDIA","2020-10-29","48765","562","57867","1164648","0","0","328312","3795","8088051","121132","7371906","107728088","1400","0","0"
"INDIA","2020-10-30","48117","550","59005","1067976","0","0","322498","3690","8136168","121682","7430911","108796064","1423","0","0"
"INDIA","2020-10-31","47228","469","58682","1091239","0","0","319360","3581","8183396","122151","7489593","109887303","1428","0","0"
"INDIA","2020-11-01","45928","491","53312","855800","0","0","319366","3589","8229324","122642","7542905","110743103","1446","0","0"
"INDIA","2020-11-02","37592","498","58524","1046247","0","0","320854","3596","8266916","123140","7601429","111789350","1463","0","0"
"INDIA","2020-11-03","46027","510","53328","1209609","0","0","323845","3595","8312943","123650","7654757","112998959","1515","0","0"
"INDIA","2020-11-04","50465","707","55873","1209425","0","0","324122","3787","8363408","124357","7710630","114208384","1625","0","0"
"INDIA","2020-11-05","47628","672","54133","1220711","0","0","322985","3897","8411036","125029","7764763","115429095","1741","0","0"
"INDIA","2020-11-06","50359","577","53992","1113209","0","0","325227","3924","8461395","125606","7818755","116542304","1819","0","0"
"INDIA","2020-11-07","45811","557","48536","1194487","0","0","323810","4012","8507206","126163","7867291","117736791","1829","0","0"
"INDIA","2020-11-08","46707","490","48465","835401","0","0","324589","4011","8553913","126653","7915756","118572192","1844","0","0"
"INDIA","2020-11-09","37119","450","41449","1043665","0","0","324116","3963","8591032","127103","7957205","119615857","1851","0","0"
"INDIA","2020-11-10","44724","511","54639","1153294","0","0","322813","3964","8635756","127614","8011844","120769151","1882","0","0"
"INDIA","2020-11-11","48285","550","52704","1193358","0","0","320633","3807","8684041","128164","8064548","121962509","1901","0","0"
"INDIA","2020-11-12","44584","544","49354","1139230","0","0","317589","3679","8728625","128708","8113902","123101739","1918","0","0"
"INDIA","2020-11-13","44620","517","47620","929491","0","0","311850","3619","8773245","129225","8161522","124031230","1937","0","0"
"INDIA","2020-11-14","41692","450","42317","805589","0","0","307731","3512","8814937","129675","8203839","124836819","1962","0","0"
"INDIA","2020-11-15","30681","434","44111","861706","0","0","291705","3456","8845618","130109","8247950","125698525","1980","0","0"
"INDIA","2020-11-16","28609","451","40392","844382","0","0","283195","3457","8874227","130560","8288342","126542907","1998","0","0"
"INDIA","2020-11-17","38548","472","44753","937279","0","0","277019","3418","8912775","131032","8333095","127480186","2006","0","0"
"INDIA","2020-11-18","45366","586","48675","1028203","0","0","274100","3454","8958141","131618","8381770","128508389","2020","0","0"
"INDIA","2020-11-19","46185","582","45246","1083397","0","0","275701","3492","9004326","132200","8427016","129591786","2034","0","0"
"INDIA","2020-11-20","46283","564","48968","1066022","0","0","277364","3539","9050609","132764","8475984","130657808","2043","0","0"
"INDIA","2020-11-21","45301","499","44055","1075326","0","0","280973","3588","9095910","133263","8520039","131733134","2061","0","0"
"INDIA","2020-11-22","44404","510","41405","849596","0","0","294696","3664","9140314","133773","8561444","132582730","2070","0","0"
"INDIA","2020-11-23","37441","481","42195","1099545","0","0","303528","3694","9177755","134254","8603639","133682275","2086","0","0"
"INDIA","2020-11-24","44245","489","37765","1159032","0","0","309225","3711","9222000","134743","8641404","134841307","2095","0","0"
"INDIA","2020-11-25","44699","518","36582","1090238","0","0","308558","3643","9266699","135261","8677986","135931545","2109","0","0"
"INDIA","2020-11-26","43174","491","39723","1131204","0","0","305547","3552","9309873","135752","8717709","137062749","2142","0","0"
"INDIA","2020-11-27","41353","486","41177","1157605","0","0","300617","3474","9351226","136238","8758886","138220354","2151","0","0"
"INDIA","2020-11-28","41815","495","42275","1283449","0","0","297131","3470","9393041","136733","8801161","139503803","2161","0","0"
"INDIA","2020-11-29","39036","444","45152","876173","0","0","291763","3404","9432077","137177","8846313","140379976","2180","0","0"
"INDIA","2020-11-30","31179","482","42282","969325","0","0","285501","3405","9463256","137659","8888595","141349301","2194","0","0"
"INDIA","2020-12-01","36474","501","43208","1096651","0","0","277730","3417","9499730","138160","8931803","142445952","2237","0","0"
"INDIA","2020-12-02","35506","526","40908","1111698","0","0","268537","3425","9535236","138686","8972711","143557650","2265","0","0"
"INDIA","2020-12-03","36574","541","42991","1170099","0","0","261937","3475","9571810","139227","9015702","144727749","2305","0","0"
"INDIA","2020-12-04","36711","511","42359","1157763","0","0","257295","3500","9608521","139738","9058061","145885512","2329","0","0"
"INDIA","2020-12-05","36010","482","41885","1101063","0","0","251490","3487","9644531","140220","9099946","146986575","2372","0","0"
"INDIA","2020-12-06","33178","390","39078","801081","0","0","245632","3433","9677709","140610","9139024","147787656","2405","0","0"
"INDIA","2020-12-07","26227","386","39293","1026399","0","0","240680","3337","9703936","140996","9178317","148814055","2429","0","0"
"INDIA","2020-12-08","32083","402","36583","1022712","0","0","236289","3238","9736019","141398","9214900","149836767","2451","0","0"
"INDIA","2020-12-09","31637","413","37693","922959","0","0","232420","3125","9767656","141811","9252593","150759726","2483","0","0"
"INDIA","2020-12-10","29411","411","37707","872497","0","0","225257","2995","9797067","142222","9290300","151632223","2511","0","0"
"INDIA","2020-12-11","29961","442","33492","1065176","0","0","218507","2926","9827028","142664","9323792","152697399","2532","0","0"
"INDIA","2020-12-12","30354","391","33087","1014434","0","0","212851","2835","9857382","143055","9356879","153711833","2546","0","0"
"INDIA","2020-12-13","27336","338","30640","855157","0","0","207009","2783","9884718","143393","9387519","154566990","2556","0","0"
"INDIA","2020-12-14","21941","354","34421","993665","0","0","202723","2751","9906659","143747","9421940","155560655","2573","0","0"
"INDIA","2020-12-15","26251","384","33853","1085625","0","0","196891","2733","9932910","144131","9455793","156646280","2598","0","0"
"INDIA","2020-12-16","18172","356","33360","1158960","0","0","183426","2676","9951082","144487","9489153","157805240","2623","0","0"
"INDIA","2020-12-17","26754","342","30891","1113406","0","0","180769","2607","9977836","144829","9520044","158918646","2641","0","0"
"INDIA","2020-12-18","26991","342","29879","1171868","0","0","177799","2507","10004827","145171","9549923","160090514","2662","0","0"
"INDIA","2020-12-19","26834","342","29758","1107681","0","0","174279","2458","10031661","145513","9579681","161198195","2680","0","0"
"INDIA","2020-12-20","24622","332","25734","900134","0","0","171565","2452","10056283","145845","9605415","162098329","2692","0","0"
"INDIA","2020-12-21","19147","302","30250","1072228","0","0","168771","2400","10075430","146147","9635665","163170557","2708","0","0"
"INDIA","2020-12-22","23880","329","27032","1098164","0","0","166400","2345","10099310","146476","9662697","164268721","2726","0","0"
"INDIA","2020-12-23","24716","315","29946","1039645","0","0","172944","2304","10124026","146791","9692643","165308366","2748","0","0"
"INDIA","2020-12-24","23444","337","24555","997396","0","0","169634","2299","10147470","147128","9717198","166305762","2775","0","0"
"INDIA","2020-12-25","22349","251","22184","853527","0","0","164992","2208","10169819","147379","9739382","167159289","2791","0","0"
"INDIA","2020-12-26","18575","280","21466","943368","0","0","156733","2146","10188394","147659","9760848","168102657","2801","0","0"
"INDIA","2020-12-27","20333","281","21097","715397","0","0","152444","2095","10208727","147940","9781945","168818054","2812","0","0"
"INDIA","2020-12-28","16072","250","24822","983695","0","0","149369","2043","10224799","148190","9806767","169801749","2825","0","0"
"INDIA","2020-12-29","20542","285","26589","1120281","0","0","146031","1999","10245341","148475","9833356","170922030","2837","0","0"
"INDIA","2020-12-30","21945","299","26407","1127244","0","0","143260","1983","10267286","148774","9859763","172049274","2852","0","0"
"INDIA","2020-12-31","19026","244","21969","1062420","0","0","138842","1890","10286312","149018","9881732","173111694","2861","0","0"
"INDIA","2021-01-01","20159","237","23838","829964","0","0","136652","1876","10306471","149255","9905570","173941658","4217","0","0"
"INDIA","2021-01-02","18144","216","20903","958125","0","0","136221","1812","10324615","149471","9926473","174899783","4233","0","0"
"INDIA","2021-01-03","16678","215","19658","735978","0","0","132566","1746","10341293","149686","9946131","175635761","4246","0","0"
"INDIA","2021-01-04","16278","200","29209","896236","0","0","132772","1696","10357571","149886","9975340","176531997","4255","0","0"
"INDIA","2021-01-05","17909","265","21161","931408","0","0","130139","1676","10375480","150151","9996501","177463405","4271","0","0"
"INDIA","2021-01-06","20472","222","19689","937590","0","0","128666","1599","10395952","150373","10016190","178400995","4287","0","0"
"INDIA","2021-01-07","18123","233","20503","935369","0","0","127763","1588","10414075","150606","10036693","179336364","4306","0","0"
"INDIA","2021-01-08","18453","229","19242","916951","0","0","126057","1580","10432528","150835","10055935","180253315","4316","0","0"
"INDIA","2021-01-09","18820","213","19460","843307","0","0","126733","1577","10451348","151048","10075395","181096622","4319","0","0"
"INDIA","2021-01-10","16086","150","16737","659209","0","0","126141","1512","10467434","151198","10092132","181755831","4326","0","0"
"INDIA","2021-01-11","12481","166","18578","897056","0","0","122344","1478","10479915","151364","10110710","182652887","4336","0","0"
"INDIA","2021-01-12","15903","200","17762","836227","0","0","120338","1413","10495818","151564","10128472","183489114","4310","0","0"
"INDIA","2021-01-13","17015","201","17797","743191","0","0","116881","1392","10512833","151765","10146269","184232305","4323","0","0"
"INDIA","2021-01-14","15677","189","15943","730096","0","0","114435","1348","10528510","151954","10162212","184962401","4340","0","0"
"INDIA","2021-01-15","15155","176","16809","803090","0","0","111137","1295","10543665","152130","10179021","185765491","4356","0","0"
"INDIA","2021-01-16","15050","181","17202","779377","191181","0","107367","1263","10558715","152311","10196223","186544868","4370","191181","0"
"INDIA","2021-01-17","13962","145","14513","548168","33120","0","105243","1258","10572677","152456","10210736","187093036","4377","224301","0"
"INDIA","2021-01-18","9987","137","17127","709791","229748","0","102749","1229","10582664","152593","10227863","187802827","4387","454049","0"
"INDIA","2021-01-19","13787","162","17229","764120","176368","0","100633","1191","10596451","152755","10245092","188566947","4402","630417","0"
"INDIA","2021-01-20","15279","152","20071","780835","176067","0","98897","1142","10611730","152907","10265163","189347782","4413","806484","0"
"INDIA","2021-01-21","14495","161","17734","800242","237050","0","97715","1114","10626225","153068","10282897","190148024","4422","1043534","0"
"INDIA","2021-01-22","14323","153","17166","837095","347058","0","96883","1091","10640548","153221","10300063","190985119","4435","1390592","0"
"INDIA","2021-01-23","14896","156","16033","781752","191609","0","96729","1066","10655444","153377","10316096","191766871","4443","1582201","0"
"INDIA","2021-01-24","13232","131","13148","570246","33303","0","95999","1052","10668676","153508","10329244","192337117","4449","1615504","0"
"INDIA","2021-01-25","9098","116","16092","725577","408305","0","95110","1031","10677774","153624","10345336","193062694","4462","2023809","0"
"INDIA","2021-01-26","12733","138","13250","550426","5671","0","94056","1007","10690507","153762","10358586","193613120","4469","2029480","0"
"INDIA","2021-01-27","11556","123","14261","725653","326499","0","90333","978","10702063","153885","10372847","194338773","4478","2355979","0"
"INDIA","2021-01-28","18912","162","20315","742306","572074","0","94750","979","10720975","154047","10393162","195081079","4484","2928053","0"
"INDIA","2021-01-29","13054","137","14886","756329","571974","0","93481","963","10734029","154184","10408048","195837408","4499","3500027","0"
"INDIA","2021-01-30","13073","128","14077","750964","244307","0","91658","935","10747102","154312","10422125","196588372","4503","3744334","0"
"INDIA","2021-01-31","11527","116","11882","504263","14509","0","89953","920","10758629","154428","10434007","197092635","4509","3758843","0"
"INDIA","2021-02-01","8579","94","13443","659422","191313","0","89434","898","10767208","154522","10447450","197752057","4519","3950156","0"
"INDIA","2021-02-02","11001","113","14250","721121","188762","0","87702","873","10778209","154635","10461700","198473178","4526","4138918","0"
"INDIA","2021-02-03","12925","107","17813","742841","310634","0","89071","857","10791134","154742","10479513","199216019","4529","4449552","0"
"INDIA","2021-02-04","12401","120","15788","715776","509893","0","82560","815","10803535","154862","10495301","199931795","4536","4959445","0"
"INDIA","2021-02-05","11711","95","14512","740794","457404","0","81217","773","10815246","154957","10509813","200672589","4539","5416849","0"
"INDIA","2021-02-06","12069","75","11761","695789","358473","0","80213","720","10827315","155032","10521574","201368378","4553","5775322","0"
"INDIA","2021-02-07","11786","86","11756","532236","37040","0","80472","690","10839101","155118","10533330","201900614","4562","5812362","0"
"INDIA","2021-02-08","8715","78","13600","687138","446646","0","80608","674","10847816","155196","10546930","202587752","4575","6259008","0"
"INDIA","2021-02-09","10731","94","12928","736903","352553","0","80338","655","10858547","155290","10559858","203324655","4588","6611561","0"
"INDIA","2021-02-10","12539","110","11796","699185","405553","0","79952","658","10871086","155400","10571654","204023840","4599","7017114","0"
"INDIA","2021-02-11","9353","85","15722","765944","487896","0","76904","623","10880439","155485","10587376","204789784","4499","7505010","0"
"INDIA","2021-02-12","12137","104","11358","743614","462637","0","77330","632","10892576","155589","10598734","205533398","4503","7967647","0"
"INDIA","2021-02-13","12198","89","11107","697114","272583","23628","77459","646","10904774","155678","10609841","206230512","4521","8240230","23628"
"INDIA","2021-02-14","11706","91","9500","486122","20504","933","77379","651","10916480","155769","10619341","206716634","4527","8260734","24561"
"INDIA","2021-02-15","9086","82","11793","615664","299797","135730","77750","655","10925566","155851","10631134","207332298","4549","8560531","160291"
"INDIA","2021-02-16","11592","99","11836","644931","162322","116086","78611","660","10937158","155950","10642970","207977229","4555","8722853","276377"
"INDIA","2021-02-17","12862","100","12028","726562","330208","92790","78934","650","10950020","156050","10654998","208703791","4569","9053061","369167"
"INDIA","2021-02-18","13238","100","10913","771071","524047","241732","82819","665","10963258","156150","10665911","209474862","4583","9577108","610899"
"INDIA","2021-02-19","13916","100","10215","786618","290935","236262","84598","661","10977174","156250","10676126","210261480","4595","9868043","847161"
"INDIA","2021-02-20","13919","89","11413","670050","256488","113481","86319","661","10991093","156339","10687539","210931530","4531","10124531","960642"
"INDIA","2021-02-21","14278","83","9715","620216","24471","7210","88891","653","11005371","156422","10697254","211551746","4546","10149002","967852"
"INDIA","2021-02-22","10494","76","13233","678685","338373","290325","90299","647","11015865","156498","10710487","212230431","4554","10487375","1258177"
"INDIA","2021-02-23","13682","103","13969","805844","279823","140223","92389","651","11029547","156601","10724456","213036275","4559","10767198","1398400"
"INDIA","2021-02-24","16930","141","12100","793383","287617","217948","96457","692","11046477","156742","10736556","213829658","4567","11054815","1616348"
"INDIA","2021-02-25","16599","119","12222","831807","384834","416646","99818","711","11063076","156861","10748778","214661465","4571","11439649","2032994"
"INDIA","2021-02-26","16562","114","12790","773918","349020","420884","102464","725","11079638","156975","10761568","215435383","4577","11788669","2453878"
"INDIA","2021-02-27","16805","111","11709","795723","56406","2313","105350","747","11096443","157086","10773277","216231106","4576","11845075","2456191"
"INDIA","2021-02-28","15614","108","11291","627668","0","0","106686","772","11112057","157194","10784568","216858774","4578","11845075","2456191"
"INDIA","2021-03-01","12270","92","12472","759283","411262","141608","108462","788","11124327","157286","10797040","217618057","4589","12256337","2597799"
"INDIA","2021-03-02","14998","98","13113","785220","650434","116179","109778","783","11139325","157384","10810153","218403277","4594","12906771","2713978"
"INDIA","2021-03-03","17425","87","14071","775631","832350","162949","110273","729","11156750","157471","10824224","219178908","4602","13739121","2876927"
"INDIA","2021-03-04","16824","113","13788","761834","1057714","331741","110498","723","11173574","157584","10838012","219940742","4604","14796835","3208668"
"INDIA","2021-03-05","18324","109","14186","751935","1199848","292353","112260","718","11191898","157693","10852198","220692677","4609","15996683","3501021"
"INDIA","2021-03-06","18724","100","14379","737830","1171620","253020","114179","707","11210622","157793","10866577","221430507","4611","17168303","3754041"
"INDIA","2021-03-07","18650","97","14303","537764","59600","7066","117215","696","11229272","157890","10880880","221968271","4615","17227903","3761107"
"INDIA","2021-03-08","15353","76","16606","748525","1715380","304343","120298","680","11244625","157966","10897486","222716796","4618","18943283","4065450"
"INDIA","2021-03-09","17873","133","20643","763081","1060944","298229","123173","715","11262498","158099","10918129","223479877","4624","20004227","4363679"
"INDIA","2021-03-10","22851","125","18154","778416","1030254","286851","128599","753","11285349","158224","10936283","224258293","4631","21034481","4650530"
"INDIA","2021-03-11","23298","119","15092","740345","401360","78549","135073","759","11308647","158343","10951375","224998638","4636","21435841","4729079"
"INDIA","2021-03-12","24845","140","19972","840635","1639663","413874","141594","790","11333492","158483","10971347","225839273","4639","23075504","5142953"
"INDIA","2021-03-13","25154","159","16508","864368","1232131","287821","148024","849","11358646","158642","10987855","226703641","4649","24307635","5430774"
"INDIA","2021-03-14","26513","120","17590","703772","144750","24879","155887","872","11385159","158762","11005445","227407413","4654","24452385","5455653"
"INDIA","2021-03-15","24437","130","20186","873350","2627099","412295","164971","926","11409596","158892","11025631","228280763","4672","27079484","5867948"
"INDIA","2021-03-16","28869","187","17746","969021","1782553","334551","175967","980","11438465","159079","11043377","229249784","4674","28862037","6202499"
"INDIA","2021-03-17","35838","171","17793","1063379","1738750","339969","188954","1026","11474303","159250","11061170","230313163","4689","30600787","6542468"
"INDIA","2021-03-18","39687","156","20356","1057383","1825443","371119","205343","1063","11513990","159406","11081526","231370546","4699","32426230","6913587"
"INDIA","2021-03-19","40906","188","23623","1060971","2415800","307775","221404","1111","11554896","159594","11105149","232431517","4705","34842030","7221362"
"INDIA","2021-03-20","43815","196","22971","1133602","2283157","257292","240065","1148","11598711","159790","11128120","233565119","4711","37125187","7478654"
"INDIA","2021-03-21","47009","213","21205","880655","449115","13042","260561","1241","11645720","160003","11149325","234445774","4724","37574302","7491696"
"INDIA","2021-03-22","40636","197","29779","967459","3056851","371745","276760","1308","11686356","160200","11179104","235413233","4727","40631153","7863441"
"INDIA","2021-03-23","47239","277","23913","1025628","2100799","245893","295130","1398","11733595","160477","11203017","236438861","4733","42731952","8109334"
"INDIA","2021-03-24","53419","249","26575","1065021","2114586","189837","312711","1476","11787014","160726","11229592","237503882","4741","44846538","8299171"
"INDIA","2021-03-25","59085","257","32916","1100756","2154934","203797","332109","1577","11846099","160983","11262508","238604638","4784","47001472","8502968"
"INDIA","2021-03-26","62276","292","30341","1164915","2425146","180187","353479","1681","11908375","161275","11292849","239769553","4802","49426618","8683155"
"INDIA","2021-03-27","62632","311","28728","1181289","2014818","145191","372296","1796","11971007","161586","11321577","240950842","4829","51441436","8828346"
"INDIA","2021-03-28","68206","295","32269","913319","218798","41855","393493","1878","12039213","161881","11353846","241864161","4835","51660234","8870201"
"INDIA","2021-03-29","56152","266","36989","785864","551164","31755","409009","1947","12095365","162147","11390835","242650025","4842","52211398","8901956"
"INDIA","2021-03-30","53237","355","41242","1022915","1777637","163362","415007","2025","12148602","162502","11432077","243672940","4848","53989035","9065318"
"INDIA","2021-03-31","72115","458","40423","1125681","1794166","269377","433703","2234","12220717","162960","11472500","244798621","4870","55783201","9334695"
"INDIA","2021-04-01","81398","468","50384","1113966","3365597","305645","456016","2445","12302115","163428","11522884","245912587","4874","59148798","9640340"
"INDIA","2021-04-02","89023","713","44179","1046605","3932791","332366","482763","2866","12391138","164141","11567063","246959192","4883","63081589","9972706"
"INDIA","2021-04-03","92994","514","60059","1166716","2657881","267475","513125","3069","12484132","164655","11627122","248125908","4921","65739470","10240181"
"INDIA","2021-04-04","103794","477","52840","893749","2939368","186144","548713","3251","12587926","165132","11679962","249019657","4960","68678838","10426325"
"INDIA","2021-04-05","96563","446","50100","1211612","3598471","407292","589124","3431","12684489","165578","11730062","250231269","5011","72277309","10833617"
"INDIA","2021-04-06","115312","630","59714","1208329","3659706","306842","651199","3706","12799801","166208","11789776","251439598","5149","75937015","11140459"
"INDIA","2021-04-07","126276","684","59137","1237781","2826012","295187","705360","3932","12926077","166892","11848913","252677379","5246","78763027","11435646"
"INDIA","2021-04-08","131878","802","61829","1364205","3693495","442094","755840","4266","13057955","167694","11910742","254041584","5288","82456522","11877740"
"INDIA","2021-04-09","144997","773","77303","1173219","3307330","433568","811814","4326","13202952","168467","11988045","255214803","5389","85763852","12311308"
"INDIA","2021-04-10","152565","838","90328","1412047","3122109","397878","871385","4650","13355517","169305","12078373","256626850","5459","88885961","12709186"
"INDIA","2021-04-11","169915","904","75380","1180136","2701439","231979","937506","5077","13525432","170209","12153753","257806986","5511","91587400","12941165"
"INDIA","2021-04-12","160854","880","96746","1400122","3455639","548881","1001797","5511","13686286","171089","12250499","259207108","5660","95043039","13490046"
"INDIA","2021-04-13","185306","1026","82271","1411758","2258875","387618","1071791","5907","13871592","172115","12332770","260618866","5675","97301914","13877664"
"INDIA","2021-04-14","199584","1038","93425","1384549","2877285","436375","1145099","6261","14071176","173153","12426195","262003415","5745","100179199","14314039"
"INDIA","2021-04-15","216838","1184","117899","1473210","2170056","560215","1230059","6643","14288014","174337","12544094","263476625","5868","102349255","14874254"
"INDIA","2021-04-16","234002","1338","122886","1495397","2059229","654903","1319064","7208","14522016","175675","12666980","264972022","6134","104408484","15529157"
"INDIA","2021-04-17","260895","1498","138209","1566394","2022592","662357","1427394","7868","14782911","177173","12805189","266538416","6236","106431076","16191514"
"INDIA","2021-04-18","275083","1620","143839","1356133","940694","289282","1532562","8584","15057994","178793","12949028","267894549","6258","107371770","16480796"
"INDIA","2021-04-19","257017","1757","154369","1519486","2287411","989136","1628725","9461","15315011","180550","13103397","269414035","6325","109659181","17469932"
"INDIA","2021-04-20","294378","2021","166668","1639357","1986711","1003486","1737797","10456","15609389","182571","13270065","271053392","6458","111645892","18473418"
"INDIA","2021-04-21","315752","2101","179434","1651711","1501704","709630","1853965","11519","15925141","184672","13449499","272705103","6488","113147596","19183048"
"INDIA","2021-04-22","332531","2257","192317","1740550","1925867","1221909","1969658","12592","16257672","186929","13641816","274445653","6703","115073463","20404957"
"INDIA","2021-04-23","345296","2620","220545","1753569","1863024","1038388","2080952","13874","16602968","189549","13862361","276199222","6910","116936487","21443345"
"INDIA","2021-04-24","348996","2761","215809","1719588","1643837","892748","2169053","15137","16951964","192310","14078170","277918810","7126","118580324","22336093"
"INDIA","2021-04-25","354658","2808","218626","1402367","685462","309344","2248628","16325","17306622","195118","14296796","279321177","7253","119265786","22645437"
"INDIA","2021-04-26","319471","2762","249009","1658700","2095223","1264740","2311082","17330","17626093","197880","14545805","280979877","7507","121361009","23910177"
"INDIA","2021-04-27","362913","3286","262349","1723912","1568999","987182","2379617","18595","17989006","201166","14808154","282703789","7697","122930008","24897359"
"INDIA","2021-04-28","379403","3646","274171","1768190","1282135","911146","2443268","20140","18368409","204812","15082325","284471979","7924","124212143","25808505"
"INDIA","2021-04-29","386773","3502","291727","1920107","1274786","949745","2497510","21385","18755182","208314","15374052","286392086","8119","125486929","26758250"
"INDIA","2021-04-30","402014","3525","299198","1945299","1569817","1174639","2554228","22290","19157196","211839","15673250","288337385","8327","127056746","27932889"
"INDIA","2021-05-01","392576","3685","308688","1804954","1114407","711989","2597808","23214","19549772","215524","15981938","290142339","8488","128171153","28644878"
"INDIA","2021-05-02","370090","3423","300004","1504698","203124","179052","2613240","23829","19919862","218947","16281942","291647037","8643","128374277","28823930"
"INDIA","2021-05-03","355769","3439","318910","1663742","853135","881579","2649538","24506","20275631","222386","16600852","293310779","8804","129227412","29705509"
"INDIA","2021-05-04","382847","3786","337698","1541299","817043","744224","2669472","25006","20658478","226172","16938550","294852078","8875","130044455","30449733"
"INDIA","2021-05-05","412624","3979","330718","1923131","930396","1088755","2702693","25339","21071102","230151","17269268","296775209","8945","130974851","31538488"
"INDIA","2021-05-06","414280","3923","328349","1826490","1112973","1346746","2730200","25760","21485382","234074","17597617","298601699","9421","132087824","32885234"
"INDIA","2021-05-07","406901","4233","327675","1808344","1024622","1348864","2735087","26468","21892283","238307","17925292","300410043","9527","133112446","34234098"
"INDIA","2021-05-08","403808","4092","386395","1865428","868098","1225021","2746319","26875","22296091","242399","18311687","302275471","9582","133980544","35459119"
"INDIA","2021-05-09","366455","3749","353777","1474606","424323","312617","2742684","27201","22662546","246148","18665464","303750077","9667","134404867","35771736"
"INDIA","2021-05-10","329491","3879","355930","1850110","1089607","1443856","2716406","27641","22992037","250027","19021394","305600187","9839","135494474","37215592"
"INDIA","2021-05-11","348555","4198","355398","1983804","1125260","1400665","2682114","28053","23340592","254225","19376792","307583991","9929","136619734","38616257"
"INDIA","2021-05-12","362632","4128","352005","1864594","1038646","939619","2632122","28202","23703224","258353","19728797","309448585","10029","137658380","39555876"
"INDIA","2021-05-13","343005","4000","344676","1875515","1061046","1023282","2560847","28279","24046229","262353","20073473","311324100","10111","138719426","40579158"
"INDIA","2021-05-14","326256","3889","353200","1693093","656269","502726","2480202","27935","24372485","266242","20426673","313017193","10161","139375695","41081884"
"INDIA","2021-05-15","310757","4077","362547","1832950","1148101","614484","2387151","27920","24683242","270319","20789220","314850143","10233","140523796","41696368"
"INDIA","2021-05-16","281837","4098","378526","1573515","623974","82322","2302533","28269","24965079","274417","21167746","316423658","10283","141147770","41778690"
"INDIA","2021-05-17","263021","4334","422391","1869223","1280457","246232","2236063","28724","25228100","278751","21590137","318292881","10363","142428227","42024922"
"INDIA","2021-05-18","267246","4529","389758","2008296","1155675","200478","2154754","29055","25495346","283280","21979895","320301177","10428","143583902","42225400"
"INDIA","2021-05-19","276187","3877","369005","2055010","1039768","160722","2068309","28804","25771533","287157","22348900","322356187","10473","144623670","42386122"
"INDIA","2021-05-20","259242","4209","357173","2061683","4577650","292061","1984546","29013","26030775","291366","22706073","324417870","10504","149201320","42678183"
"INDIA","2021-05-21","257299","4194","357625","2066285","1300158","193158","1915589","29318","26288074","295560","23063698","326484155","10579","150501478","42871341"
"INDIA","2021-05-22","240897","3739","355138","2123782","1443793","187572","1845729","28980","26528971","299299","23418836","328607937","10662","151945271","43058913"
"INDIA","2021-05-23","222834","4454","302253","1928127","984978","62800","1786726","29336","26751805","303753","23721089","330536064","10693","152930249","43121713"
"INDIA","2021-05-24","195857","3509","326737","2058112","2305125","181912","1719562","28511","26947662","307262","24047826","332594176","10783","155235374","43303625"
"INDIA","2021-05-25","208992","4160","295264","2217320","1914219","209238","1661308","28142","27156654","311422","24343090","334811496","10825","157149593","43512863"
"INDIA","2021-05-26","211510","3843","283054","2157857","1875735","157683","1596631","28108","27368164","315265","24626144","336969353","10938","159025328","43670546"
"INDIA","2021-05-27","186075","3659","271002","2070508","2824764","200022","1523464","27558","27554239","318924","24897146","339039861","11064","161850092","43870568"
"INDIA","2021-05-28","174083","3611","285332","2080048","2929161","252624","1440248","26975","27728322","322535","25182478","341119909","11154","164779253","44123192"
"INDIA","2021-05-29","165282","3463","264483","2063839","2838224","325945","1364633","26699","27893604","325998","25446961","343183748","11195","167617477","44449137"
"INDIA","2021-05-30","153396","3130","237664","1683135","995894","91621","1295195","25375","28047000","329128","25684625","344866883","11239","168613371","44540758"
"INDIA","2021-05-31","126883","2783","255125","1925374","2586795","305714","1226221","24649","28173883","331911","25939750","346792257","11310","171200166","44846472"
"INDIA","2021-06-01","133152","3205","231397","3265073","2211330","288699","1150381","23694","28307035","335116","26171147","350057330","11353","173411496","45135171"
"INDIA","2021-06-02","134044","2898","211890","3725318","2253664","243362","1072915","22749","28441079","338014","26383037","353782648","11409","175665160","45378533"
"INDIA","2021-06-03","132424","2717","206722","3651198","2820937","244818","1019264","21807","28573503","340731","26589759","357433846","11456","178486097","45623351"
"INDIA","2021-06-04","120454","3372","197763","3740296","3466241","284628","965635","21568","28693957","344103","26787522","361174142","11537","181952338","45907979"
"INDIA","2021-06-05","114488","2682","189374","3572380","3186164","275936","914841","20787","28808445","346785","26976896","364746522","11586","185138502","46183915"
"INDIA","2021-06-06","101209","2444","174156","1587589","1376271","87794","862654","20101","28909654","349229","27151052","366334111","11626","186514773","46271709"
"INDIA","2021-06-07","85804","2107","182866","1873485","3080974","331270","821575","19425","28995458","351336","27333918","368207596","11598","189595747","46602979"
"INDIA","2021-06-08","92787","2222","162356","1985967","2541386","318248","781210","18442","29088245","353558","27496274","370193563","11607","192137133","46921227"
"INDIA","2021-06-09","93883","6139","149022","2004690","3345812","322521","741049","21683","29182128","359697","27645296","372198253","11702","195482945","47243748"
"INDIA","2021-06-10","91849","3414","135329","2044131","3028629","330327","700474","22380","29273977","363111","27780625","374242384","11460","198511574","47574075"
"INDIA","2021-06-11","84574","3996","122685","1989778","3178575","336080","664594","23004","29358551","367107","27903310","376232162","11501","201690149","47910155"
"INDIA","2021-06-12","80525","3300","132664","1900312","3203312","391432","630631","23622","29439076","370407","28035974","378132474","11562","204893461","48301587"
"INDIA","2021-06-13","71001","3922","119574","1492152","1476211","178042","600423","25100","29510077","374329","28155548","379624626","11641","206369672","48479629"
"INDIA","2021-06-14","60008","2733","117376","1751358","3797074","397697","574627","25726","29570085","377062","28272924","381375984","11692","210166746","48877326"
"INDIA","2021-06-15","62217","2540","107776","1930987","2515180","412767","544057","26044","29632302","379602","28380700","383306971","11709","212681926","49290093"
"INDIA","2021-06-16","67289","2329","103900","1931249","3166154","381078","517463","22234","29699591","381931","28484600","385238220","11734","215848080","49671171"
"INDIA","2021-06-17","62436","1591","88500","1929476","3025536","415612","488050","20411","29762027","383522","28573100","387167696","11752","218873616","50086783"
"INDIA","2021-06-18","60765","1645","97854","2039941","3027665","400719","464241","18060","29822792","385167","28670954","389207637","11778","221901281","50487502"
"INDIA","2021-06-19","58615","1574","87548","1811446","3785805","518984","442331","16334","29881407","386741","28758502","391019083","11797","225687086","51006486"
"INDIA","2021-06-20","52978","1424","78189","1388699","3054688","288638","424308","13836","29934385","388165","28836691","392407782","11821","228741774","51295124"
"INDIA","2021-06-21","42683","1167","82031","1664360","7939714","789589","406983","12270","29977068","389332","28918722","394072142","11830","236681488","52084713"
"INDIA","2021-06-22","50817","1359","68697","1901056","5213016","660294","395583","11089","30027885","390691","28987419","395973198","11850","241894504","52745007"
"INDIA","2021-06-23","54309","1323","69187","1859469","6330421","656096","382603","10083","30082194","392014","29056606","397832667","11867","248224925","53401103"
"INDIA","2021-06-24","51659","1328","64369","1735781","5512946","809770","371826","9820","30133853","393342","29120975","399568448","11881","253737871","54210873"
"INDIA","2021-06-25","48768","1183","64819","2243444","6096901","1000281","359829","9358","30182621","394525","29185794","401811892","11896","259834772","55211154"
"INDIA","2021-06-26","49844","1258","57866","2453209","5549787","1164364","351058","9042","30232465","395783","29243660","404265101","11919","265384559","56375518"
"INDIA","2021-06-27","46523","978","58563","2106178","1549319","353901","344603","8596","30278988","396761","29302223","406371279","11937","266933878","56729419"
"INDIA","2021-06-28","37070","907","57016","1768008","4197459","1168754","338990","8336","30316058","397668","29359239","408139287","11956","271131337","57898173"
"INDIA","2021-06-29","46104","819","60789","1960757","2882263","942754","334277","7796","30362162","398487","29420028","410100044","11962","274013600","58840927"
"INDIA","2021-06-30","48606","1002","61813","1921450","2086280","775212","328574","7475","30410768","399489","29481841","412021494","11978","276099880","59616139"
"INDIA","2021-07-01","46781","857","59054","2230026","3354211","1006002","323696","7004","30457549","400346","29540895","414251520","11999","279454091","60622141"
"INDIA","2021-07-02","44187","737","57497","2164943","3289358","1245701","319115","6558","30501736","401083","29598392","416416463","12108","282743449","61867842"
"INDIA","2021-07-03","43027","950","52270","1838490","4393712","2216303","312298","6250","30544763","402033","29650662","418254953","12141","287137161","64084145"
"INDIA","2021-07-04","40150","725","42342","1522504","1186521","484219","305925","5997","30584913","402758","29693004","419777457","12150","288323682","64568364"
"INDIA","2021-07-05","34026","552","51933","1647424","2848708","1812858","302881","5642","30618939","403310","29744937","421424881","12171","291172390","66381222"
"INDIA","2021-07-06","43964","930","47054","1907216","2534442","1235494","300741","5753","30662903","404240","29791991","423332097","12176","293706832","67616716"
"INDIA","2021-07-07","45701","819","44529","1893800","2183038","1340963","297836","5570","30708604","405059","29836520","425225897","12190","295889870","68957679"
"INDIA","2021-07-08","43504","908","44204","1790708","2789043","1354630","294559","5621","30752108","405967","29880724","427016605","12216","298678913","70312309"
"INDIA","2021-07-09","42660","1207","45291","2025365","2063829","1141217","293032","6091","30794768","407174","29926015","429041970","12231","300742742","71453526"
"INDIA","2021-07-10","41494","898","41511","1843500","2428756","1407562","291499","6039","30836262","408072","29967526","430885470","12241","303171498","72861088"
"INDIA","2021-07-11","37654","720","39688","1432343","847354","472561","289003","6034","30873916","408792","30007214","432317813","12254","304018852","73333649"
"INDIA","2021-07-12","30818","2024","47544","1740325","2593929","1521216","285795","7506","30904734","410816","30054758","434058138","12260","306612781","74854865"
"INDIA","2021-07-13","40314","625","42436","1915501","4774758","1455531","282145","7201","30945048","411441","30097194","435973639","12274","311387539","76310396"
"INDIA","2021-07-14","41759","578","39293","2038319","2141963","1500593","278203","6960","30986807","412019","30136487","438011958","12288","313529502","77810989"
"INDIA","2021-07-15","39071","544","39827","2011281","2586687","1416589","273770","6596","31025878","412563","30176314","440023239","12311","316116189","79227578"
"INDIA","2021-07-16","38117","560","43878","1998715","2549037","1803075","269227","5949","31063995","413123","30220192","442021954","12321","318665226","81030653"
"INDIA","2021-07-17","41283","517","42051","1936709","3228536","2007300","269016","5568","31105278","413640","30262243","443958663","12341","321893762","83037953"
"INDIA","2021-07-18","38330","501","38545","1463593","1050674","499104","269692","5349","31143608","414141","30300788","445422256","12361","322944436","83537057"
"INDIA","2021-07-19","29420","372","45356","1918877","3448347","1916561","268294","3697","31173028","414513","30346144","447341133","12379","326392783","85453618"
"INDIA","2021-07-20","42128","3998","36876","1852140","2323429","1302625","270108","7070","31215156","418511","30383020","449193273","12396","328716212","86756243"
"INDIA","2021-07-21","41687","510","38891","1718439","1543000","835696","270036","7002","31256843","419021","30421911","450911712","12404","330259212","87591939"
"INDIA","2021-07-22","34863","480","38403","2027833","3685939","1879940","265828","6938","31291706","419501","30460314","452939545","12410","333945151","89471879"
"INDIA","2021-07-23","39501","542","35145","1631266","2874665","1590566","267212","6920","31331207","420043","30495459","454570811","12412","336819816","91062445"
"INDIA","2021-07-24","40286","541","40038","1718756","3567879","1700724","266215","6944","31371493","420584","30535497","456289567","12418","340387695","92763169"
"INDIA","2021-07-25","38179","411","35945","1154444","1415012","630125","266064","6854","31409672","420995","30571442","457444011","12428","341802707","93393294"
"INDIA","2021-07-26","30820","418","42503","1720110","4713442","2002952","267464","6900","31440492","421413","30613945","459164121","12440","346516149","95396246"
"INDIA","2021-07-27","42971","641","41653","1736857","2807912","1436352","268307","3543","31483463","422054","30655598","460900978","12469","349324061","96832598"
"INDIA","2021-07-28","43165","640","38537","1728795","3221210","1328388","269785","3673","31526628","422694","30694135","462629773","12477","352545271","98160986"
"INDIA","2021-07-29","44671","549","42115","2020950","3595468","1732029","279593","3742","31571299","423243","30736250","464650723","12495","356140739","99893015"
"INDIA","2021-07-30","41499","598","37320","1776315","3679574","1805151","281591","3798","31612798","423841","30773570","466427038","12513","359820313","101698166"
"INDIA","2021-07-31","41943","542","39487","1789472","6985847","1794270","283248","3799","31654741","424383","30813057","468216510","12526","366806160","103492436"
"INDIA","2021-08-01","40629","424","36628","1428984","1188426","736617","285698","3812","31695370","424807","30849685","469645494","12540","367994586","104229053"
"INDIA","2021-08-02","30085","420","39120","1649295","4632340","1688135","284963","3814","31725455","425227","30888805","471294789","12559","372626926","105917188"
"INDIA","2021-08-03","42530","561","36552","1847518","5463671","1278785","284522","3734","31767985","425788","30925357","473142307","12583","378090597","107195973"
"INDIA","2021-08-04","42797","532","41873","1751056","3035678","1020047","284154","3626","31810782","426320","30967230","474893363","12594","381126275","108216020"
"INDIA","2021-08-05","45005","465","40906","1640287","4504775","1480525","284488","3542","31855787","426785","31008136","476533650","12604","385631050","109696545"
"INDIA","2021-08-06","38705","616","40026","1783314","4410510","1271504","281694","3560","31894492","427401","31048162","478316964","12615","390041560","110968049"
"INDIA","2021-08-07","39068","491","43935","1722221","4336591","1464292","278819","3509","31933560","427892","31092097","480039185","12629","394378151","112432341"
"INDIA","2021-08-08","36036","447","39832","1728047","1289442","564825","274226","3532","31969596","428339","31131929","481767232","12637","395667593","112997166"
"INDIA","2021-08-09","27428","376","41461","1511313","4490464","1345045","271569","3488","31997024","428715","31173390","483278545","12627","400158057","114342211"
"INDIA","2021-08-10","38380","496","40097","1777962","3438031","1142225","267419","3423","32035404","429211","31213487","485056507","12638","403596088","115484436"
"INDIA","2021-08-11","41586","491","39127","2313689","3384241","1206254","266208","3382","32076990","429702","31252614","487370196","12643","406980329","116690690"
"INDIA","2021-08-12","40081","583","42156","2100583","4649027","1262910","261284","3500","32117071","430285","31294770","489470779","12656","411629356","117953600"
"INDIA","2021-08-13","38761","477","35759","2229798","5216759","1390188","261340","3361","32155832","430762","31330529","491700577","12678","416846115","119343788"
"INDIA","2021-08-14","36135","491","37936","1923863","5729286","1927101","258407","3361","32191967","431253","31368465","493624440","12678","422575401","121270889"
"INDIA","2021-08-15","33245","421","35936","1181212","1497349","513649","255616","3335","32225212","431674","31404401","494805652","12677","424072750","121784538"
"INDIA","2021-08-16","24696","438","36871","1823872","7122059","1751262","252884","3397","32249908","432112","31441272","496629524","12679","431194809","123535800"
"INDIA","2021-08-17","35208","440","37143","1797559","4525247","1396174","249712","3341","32285116","432552","31478415","498427083","12698","435720056","124931974"
"INDIA","2021-08-18","36502","527","39269","1873757","4382113","1454290","244628","3377","32321618","433079","31517684","500300840","12715","440102169","126386264"
"INDIA","2021-08-19","36600","543","36457","2398862","4383862","1409193","241147","3337","32358218","433622","31554141","502699702","12721","444486031","127795457"
"INDIA","2021-08-20","34308","376","36285","1876456","2817431","1018431","236694","3236","32392526","433998","31590426","504576158","12731","447303462","128813888"
"INDIA","2021-08-21","31023","401","38577","1680081","3452188","1919839","231582","3146","32423549","434399","31629003","506256239","12736","450755650","130733727"
"INDIA","2021-08-22","25420","385","44103","1295160","757884","302334","223757","3110","32448969","434784","31673106","507551399","12739","451513534","131036061"
"INDIA","2021-08-23","24794","357","39553","1840393","4637675","1810535","223855","3029","32473763","435141","31712659","509391792","12748","456151209","132846596"
"INDIA","2021-08-24","37739","650","34148","1792755","4651574","1855214","226386","3239","32511502","435791","31746807","511184547","12745","460802783","134701810"
"INDIA","2021-08-25","46129","605","34248","1944831","6078076","2263806","236013","3317","32557631","436396","31781055","513129378","12754","466880859","136965616"
"INDIA","2021-08-26","44550","493","32925","1824931","5957914","2404153","243963","3267","32602181","436889","31813980","514954309","12760","472838773","139369769"
"INDIA","2021-08-27","46806","514","31343","1933293","8037926","2742666","256461","3405","32648987","437403","31845323","516887602","12774","480876699","142112435"
"INDIA","2021-08-28","45064","457","35811","1755327","5152003","2776790","270502","3461","32694051","437860","31881134","518642929","12777","486028702","144889225"
"INDIA","2021-08-29","43374","527","34843","1503596","2477586","985845","288456","3603","32737425","438387","31915977","520146525","12790","488506288","145875070"
"INDIA","2021-08-30","30248","205","36240","1394573","4514477","1632809","293910","3451","32767673","438592","31952217","521541098","12793","493020765","147507879"
"INDIA","2021-08-31","43073","462","34112","1643195","10310762","3274102","299244","3263","32810746","439054","31986329","523184293","12794","503331527","150781981"
"INDIA","2021-09-01","45975","507","35091","1684441","6468099","2455727","299090","3165","32856721","439561","32021420","524868734","12808","509799626","153237708"
"INDIA","2021-09-02","45624","355","34665","1666334","5731712","2190922","300164","3027","32902345","439916","32056085","526535068","12815","515531338","155428630"
"INDIA","2021-09-03","42667","342","36422","1704970","4334875","1916362","296025","2855","32945012","440258","32092507","528240038","12820","519866213","157344992"
"INDIA","2021-09-04","42607","309","38086","1818180","4680717","2777599","293568","2707","32987619","440567","32130593","530058218","12826","524546930","160122591"
